SUCO,jumlah_titik,luas_defor_ha
Aculau,815,32.22
Leimea-Craic,379,14.98
Ailelo,301,11.9
Samara,274,10.83
Fatubolo,196,7.75
Coliate-Leotelo,188,7.43
Talimoro,177,7.0
Poetete,148,5.85
Atara,141,5.57
Fatubessi,132,5.22
Lacao,131,5.18
Laubono,127,5.02
Estado,125,4.94
Eraulo,116,4.59
Manusae,113,4.47
Leguimea,111,4.39
Paramin,107,4.23
Haupu,105,4.15
Goulolo,98,3.87
Lauala,86,3.4
Catrai Caraic,82,3.24
Ducurai,76,3.0
Hatolia Vila,62,2.45
Humboe,59,2.33
Mau-Ubo,59,2.33
Fatuquero,55,2.17
Liho,53,2.09
Lisapat,50,1.98
Riheu,49,1.94
Ponilala,47,1.86
Baboi Craic,46,1.82
Batu Mano,42,1.66
Baboi Leten,41,1.62
Urahou,40,1.58
Lauana,38,1.5
Leimea Leten,37,1.46
Raimerhei,37,1.46
Malabe,35,1.38
Obulo,32,1.26
Catraileten,29,1.15
Laclo,27,1.07
Tiarlelo,19,0.75
Tocoluli,18,0.71
Railaco Craic,14,0.55
Leimea-Sorinbalo,13,0.51
Mertuto,12,0.47
Hatugau,9,0.36
Railaco Leten,8,0.32
Taraco,7,0.28
Matata,5,0.2
Samalete,5,0.2
Deleso,2,0.08
